0,1,2,3,4,5,6,7,8,9,10
0.006829913316031296,0.7384732025546958,5.2848e-06,0.050076195923141276,0.0023447315220819494,0.8961826288043394,0.9761437777095693,0.995587345186201,17.653589064493644,8.694844874100488,2.9894637841034473
0.006983400459185259,0.7411449959517964,5.2848e-06,0.050076195923141276,0.0023447315220819494,0.900144237227073,0.9783044821442958,0.9962727141094644,17.181851978828945,8.51275525931055,2.616678483245033
0.007139787130428999,0.7437960889588919,5.2848e-06,0.050076195923141276,0.0023447315220819494,0.9040899405200545,0.9802056535549529,0.9968505522934614,16.741773370476494,8.282723801258024,2.293331599993834
0.007299138261961204,0.7464297474588257,5.2848e-06,0.050076195923141276,0.0023447315220819494,0.9079783472077334,0.9819257390836577,0.9973055546709593,16.32954746301175,7.976523086508397,2.0787516085916966
0.0074615200168330585,0.7490486308144109,5.2848e-06,0.050076195923141276,0.0023447315220819494,0.9117802365696787,0.9835399551000674,0.9976312499802544,15.941293040313667,7.684913238171157,1.9117197336948917
0.007626999816419332,0.7516551170557135,5.2848e-06,0.050076195923141276,0.0023447315220819494,0.9155323505709637,0.985050537314724,0.9978499721599721,15.575217214258373,7.468029998867886,1.7414212886796547
0.007795646368411927,0.7542515968056533,5.2848e-06,0.050076195923141276,0.0023447315220819494,0.919260799187562,0.9864403169610119,0.9979989640032771,15.231663482219574,7.254521152894132,1.5585560414778585
0.007967529695347513,0.756840879626965,5.2848e-06,0.050076195923141276,0.0023447315220819494,0.9229378822522686,0.9876971587918186,0.9981029085027399,14.915216467276878,7.021701638748151,1.3857556552416397
0.008142721163681092,0.7594272973819008,5.2848e-06,0.050076195923141276,0.0023447315220819494,0.9265695747037485,0.9888409543252342,0.9981741804270003,14.63384395732055,6.841276149636501,1.2484536172958236
0.008321293513417552,0.7620169198128934,5.2848e-06,0.050076195923141276,0.0023447315220819494,0.9301972162499519,0.9899028001634039,0.9982210543074644,14.390130044040689,6.699277598011142,1.138304423439488
0.008503320888313522,0.7646155951278926,5.2848e-06,0.050076195923141276,0.0023447315220819494,0.9338142590016452,0.990890813975721,0.9982499639861435,14.173065195516983,6.539979991034634,1.0417703588501033
0.008688878866662086,0.7672259950396983,5.2848e-06,0.050076195923141276,0.0023447315220819494,0.9374079019663057,0.9918166700032577,0.9982688087056608,13.962218935046849,6.414362773607044,0.9784934770512581
0.008878044492673109,0.7698467986381097,5.2848e-06,0.050076195923141276,0.0023447315220819494,0.941026355930677,0.9927250841606334,0.9982825397846964,13.743801742533378,6.369119526633031,0.9465441876400882
0.009070896308462195,0.7724755426289726,5.2848e-06,0.050076195923141276,0.0023447315220819494,0.9447076614384029,0.9936239470669044,0.9982945886446579,13.520235563105643,6.308084931452558,0.8991902232596659
0.009267514386661629,0.775111681620406,5.2848e-06,0.050076195923141276,0.0023447315220819494,0.9483944067078213,0.994474718279802,0.9983071847038922,13.300599196826852,6.113373963109312,0.8224252461812686
0.009467980363666754,0.7777561684647496,5.2848e-06,0.050076195923141276,0.0023447315220819494,0.9519879015202691,0.9952566781683266,0.9983212447121181,13.087635857342775,5.782853216180153,0.7338558737779334
0.009672377473531628,0.7804095560785622,5.2848e-06,0.050076195923141276,0.0023447315220819494,0.9554178515932946,0.9959606131893387,0.9983368488748365,12.876010603097484,5.3903463230413875,0.637409835923142
0.009880790582528064,0.7830706613462215,5.2848e-06,0.050076195923141276,0.0023447315220819494,0.9586654993571097,0.9965729621545122,0.9983537926768924,12.661256227351714,5.000804066775718,0.5313840166522019
0.010093306224382335,0.7857381549399975,5.2848e-06,0.050076195923141276,0.0023447315220819494,0.9617360382252892,0.9970801933442156,0.9983718416737434,12.45588704809552,4.612426941054686,0.4158795389068369
0.010310012636204244,0.7884161893571676,5.2848e-06,0.050076195923141276,0.0023447315220819494,0.9646032178659267,0.9974653578713535,0.9983907996558008,12.285283282226374,4.220918530198045,0.2981554254734931
0.010530999795123407,0.7911147166690495,5.2848e-06,0.050076195923141276,0.0023447315220819494,0.9672717408074663,0.9977299379720642,0.9984105153613674,12.159353044114596,3.896119386536034,0.20049956576433328
0.010756359455648035,0.7938430196711976,5.2848e-06,0.050076195923141276,0.0023447315220819494,0.9698128310526952,0.9979091753020763,0.9984308742937782,12.06565317334639,3.6657285115732345,0.13518474468369387
0.010986185187761666,0.7966064578307837,5.2848e-06,0.050076195923141276,0.0023447315220819494,0.9722707612120203,0.9980353093255708,0.9984517900039394,11.988202259047512,3.4600360548666176,0.09356216932794564
0.011220572415773691,0.7994077681615389,5.2848e-06,0.050076195923141276,0.0023447315220819494,0.9746231390007236,0.9981247360836842,0.9984731977008158,11.924732342959942,3.2056529230313933,0.06431777806279361
0.011459618457939804,0.8022517697104554,5.2848e-06,0.050076195923141276,0.0023447315220819494,0.9768132365856814,0.9981864016423556,0.9984950493404728,11.897760740927652,2.881462702765035,0.04280723068647642
0.01170342256686882,0.805152608198429,5.2848e-06,0.050076195923141276,0.0023447315220819494,0.9787858841343644,0.9982272687859644,0.9985173087508179,11.939883951971751,2.533751422155688,0.027468817288992968
0.011952085970732662,0.8081321834699419,5.2848e-06,0.050076195923141276,0.0023447315220819494,0.9805478590059099,0.9982535247966712,0.9985399474188669,12.047088335721128,2.2498478413907885,0.017528970049599114
0.012205711915296572,0.8112043811593455,5.2848e-06,0.050076195923141276,0.0023447315220819494,0.9821703287797301,0.9982710100766689,0.9985629452617587,12.159847914976353,2.0536759734674854,0.011987434140527702
0.012464405706787056,0.8143623920497511,5.2848e-06,0.050076195923141276,0.0023447315220819494,0.983699605970111,0.9982841075657388,0.9985862868532661,12.202054138040921,1.894413237959265,0.009528659964729043
0.012728274755615342,0.8175806640362704,5.2848e-06,0.050076195923141276,0.0023447315220819494,0.985135418249424,0.9982958853120596,0.9986099592705372,12.133981809730813,1.7305912092481992,0.009065948413821575
0.012997428620974489,0.8208294152609295,5.2848e-06,0.050076195923141276,0.0023447315220819494,0.9864617352232374,0.9983082995876231,0.9986339527957795,11.975315224405676,1.5555239822073863,0.009641312987900212
0.013271979056328674,0.824090659640093,5.2848e-06,0.050076195923141276,0.0023447315220819494,0.9876676576106264,0.9983221382359682,0.9986582599028082,11.779264812986185,1.3895846189618504,0.010501477123604365
0.01355204005581357,0.8273612256810037,5.2848e-06,0.050076195923141276,0.0023447315220819494,0.988769862580558,0.9983374585459723,0.9986828751414403,11.583000454507328,1.2559954463556315,0.011277697027021983
0.013837727901567023,0.8306426483804925,5.2848e-06,0.050076195923141276,0.0023447315220819494,0.989796400073902,0.9983540687672803,0.9987077939622465,11.389336035949782,1.149063307095856,0.011876782724934845
0.014129161212009746,0.8339331300426571,5.2848e-06,0.050076195923141276,0.0023447315220819494,0.9907564429616456,0.9983717510025286,0.9987330117262785,11.18287343375141,1.054489115522734,0.012310753367286228
0.014426460991096023,0.83722509833092,5.2848e-06,0.050076195923141276,0.0023447315220819494,0.9916565952229548,0.9983903219635358,0.9987585232415606,10.954911549935787,0.9864919618736185,0.012613814522171658
0.01472975067855491,0.8405111069064147,5.2848e-06,0.050076195923141276,0.0023447315220819494,0.9925330680962531,0.9984096393727018,0.9987843218847157,10.715826489070878,0.9518016291602386,0.012817663582132507
0.01503915620114276,0.8437891670113165,5.2848e-06,0.050076195923141276,0.0023447315220819494,0.9934052670451894,0.9984295948067443,0.9988104019149419,10.483603565857265,0.9130577611911657,0.012946966179480074
0.01535480602492837,0.8470625378672629,5.2848e-06,0.050076195923141276,0.0023447315220819494,0.9942433120722841,0.9984501058419981,0.9988367632500493,10.273456351542563,0.8454583858511608,0.013020359360055944
0.01567683120863249,0.850339046581271,5.2848e-06,0.050076195923141276,0.0023447315220819494,0.9950203047093181,0.9984711102620786,0.9988634017812752,10.088356770386781,0.76149823613286,0.013052006853717133
0.01600536545804375,0.8536244781791036,5.2848e-06,0.050076195923141276,0.0023447315220819494,0.9957269949467091,0.9984925615915207,0.9988903149168394,9.923942453468499,0.6703478097051511,0.013052414444417522
0.016340545181533713,0.8569246811119942,5.2848e-06,0.050076195923141276,0.0023447315220819494,0.9963522756046456,0.998514424724978,0.9989174975541282,9.80376011852104,0.5705765045585323,0.013028880023923198
0.01668250954669403,0.8602624564681416,5.2848e-06,0.050076195923141276,0.0023447315220819494,0.9968830294332227,0.9985366719696465,0.9989449426195148,9.76302527654957,0.4616026385908494,0.01298704710905852
0.017031400538119204,0.863669553441941,5.2848e-06,0.050076195923141276,0.0023447315220819494,0.9973056375397269,0.998559283184302,0.9989726460145419,9.799747684130807,0.34749672737048215,0.012931554111071322
0.017387363016359025,0.8671703318161217,5.2848e-06,0.050076195923141276,0.0023447315220819494,0.9976145405081169,0.9985822433143133,0.9990006019173474,9.866714870935539,0.24307914336288267,0.012865250525214318
0.017750544778065078,0.8707656117829379,5.2848e-06,0.050076195923141276,0.0023447315220819494,0.9978275083619537,0.9986055396919574,0.9990288042062002,9.878555250879572,0.16471622556775706,0.012790164795991219
0.01812109661735635,0.8744182494247528,5.2848e-06,0.050076195923141276,0.0023447315220819494,0.9979754564413987,0.9986291624901099,0.9990572455048939,9.768791523671325,0.11327736951452824,0.012708176988373806
0.018499172388429377,0.8780774535756665,5.2848e-06,0.050076195923141276,0.0023447315220819494,0.9980808093528329,0.9986531041715115,0.9990859188644319,9.56282469527946,0.07878903658323409,0.012620787994806345
0.018884929069438953,0.8817208503172493,5.2848e-06,0.050076195923141276,0.0023447315220819494,0.998155186875761,0.998677359111549,0.9991148193674632,9.34790613470659,0.05381228046651587,0.012529096199103197
0.019278526827675932,0.8853612506879489,5.2848e-06,0.050076195923141276,0.0023447315220819494,0.998206014024512,0.9987019227785541,0.9991439382401732,9.171283299775268,0.035487000596767196,0.01243366027530661
0.019680129086069108,0.8890125975277413,5.2848e-06,0.050076195923141276,0.0023447315220819494,0.9982394000215179,0.998726790709306,0.9991732693068887,9.016473178180831,0.022777228623967992,0.012334618393843604
0.020089902591038926,0.8926757525011647,5.2848e-06,0.050076195923141276,0.0023447315220819494,0.9982611705272609,0.9987519579751839,0.9992028046765765,8.855959765538046,0.014919306357183913,0.012232041750574546
0.02050801748173109,0.8963429366106557,5.2848e-06,0.050076195923141276,0.0023447315220819494,0.9982762945919303,0.9987774194640802,0.9992325385133219,8.687479922337616,0.010775458054735572,0.012126346131464311
0.020934647360658774,0.9000130230788295,5.2848e-06,0.050076195923141276,0.0023447315220819494,0.9982884072894891,0.9988031710552385,0.9992624625931114,8.520107678897489,0.009198866811474155,0.012018171607185608
0.02136996936578294,0.9036854124360173,5.2848e-06,0.050076195923141276,0.0023447315220819494,0.9983000723194636,0.9988292094675333,0.9992925705634027,8.314329965121374,0.0092104258627841,0.011907753609688756
0.02181416424406051,0.9073234349956314,5.2848e-06,0.050076195923141276,0.0023447315220819494,0.9983127316747726,0.9988555307948064,0.9993228538745696,8.030087803217157,0.009931752703264681,0.011795341057207523
0.02226741642649102,0.910889062112706,5.2848e-06,0.050076195923141276,0.0023447315220819494,0.9983268418058643,0.9988821321750498,0.9993533023079831,7.738458172732521,0.010770757336071817,0.01168103290293225
0.02272991410469294,0.914407530323951,5.2848e-06,0.050076195923141276,0.0023447315220819494,0.9983423481899968,0.9989090093555266,0.9993839096149237,7.527056074463985,0.011482164131697994,0.011564144060208443
0.023201849309041313,0.9179210562364564,5.2848e-06,0.050076195923141276,0.0023447315220819494,0.9983590504709966,0.9989361555455976,0.9994146684692874,7.342680262709905,0.012020696864804888,0.011444762905847406
0.02368341798839939,0.9214068142680085,5.2848e-06,0.050076195923141276,0.0023447315220819494,0.9983767488532646,0.9989635660934013,0.9994455754298069,7.113306915500857,0.012408219348125214,0.011323399679907864
0.024174820091477145,0.9248396119110873,5.2848e-06,0.050076195923141276,0.0023447315220819494,0.9983952799365318,0.9989912356266515,0.9994766246717105,6.907919315888648,0.012677721569652781,0.011199973892973822
0.024676259649850527,0.9282637065598525,5.2848e-06,0.050076195923141276,0.0023447315220819494,0.9984145173452429,0.9990191582774837,0.9995078040003835,6.776013294609584,0.012857720339579506,0.01107434533242819
0.025187944862675993,0.9317034717170196,5.2848e-06,0.050076195923141276,0.0023447315220819494,0.9984343643303135,0.9990473270335971,0.9995391071427688,6.639498449702501,0.012970170492659645,0.010946379063279579
0.0257100881831354,0.9351260572816287,5.2848e-06,0.050076195923141276,0.0023447315220819494,0.9984547470901216,0.9990757343652297,0.9995705344020132,6.478131910056504,0.013031779420009599,0.010816727252706184
0.026242906406647178,0.9385359965037905,5.2848e-06,0.050076195923141276,0.0023447315220819494,0.9984756097967697,0.9991043757143637,0.9996020802769674,6.382836695179435,0.013055307646774938,0.010685405093744795
0.026786620760880397,0.9419970150954977,5.2848e-06,0.050076195923141276,0.0023447315220819494,0.9984969106682838,0.9991332425447549,0.9996337320881447,6.363773031174901,0.013050142699683362,0.010552247951755248
0.02734145699760916,0.945526884119491,5.2848e-06,0.050076195923141276,0.0023447315220819494,0.9985186177552972,0.9991623286527824,0.9996654923549706,6.2912546450234,0.013022718751888929,0.010417523305442196
0.02790764548644538,0.9490480444003052,5.2848e-06,0.050076195923141276,0.0023447315220819494,0.9985407054793763,0.9991916258400967,0.9996973569957542,6.072826935184594,0.01297836039209774,0.010281492244452286
0.028485421310488916,0.9524705578267153,5.2848e-06,0.050076195923141276,0.0023447315220819494,0.9985631559494058,0.9992211285619,0.9997293196508354,5.735246261668408,0.012921322702135985,0.010144318996670822
0.029075024363934738,0.9557387487129856,5.2848e-06,0.050076195923141276,0.0023447315220819494,0.9985859550665317,0.9992508285102261,0.9997613837386924,5.352794112215975,0.012853996099113325,0.010005971558111018
0.02967669945167774,0.9588425842136941,5.2848e-06,0.050076195923141276,0.0023447315220819494,0.9986090909097359,0.9992807191899462,0.9997935399877431,4.979506691530901,0.012778344202856423,0.009866809147560121
0.03029069639095639,0.9617877355680156,5.2848e-06,0.050076195923141276,0.0023447315220819494,0.9986325544319443,0.9993107934616339,0.9998257916437538,4.605868327165467,0.012696153435199092,0.009726190728845431
0.030917270115077573,0.9645516404020977,5.2848e-06,0.050076195923141276,0.0023447315220819494,0.9986563385559212,0.9993410399428352,0.9998581414434123,4.227280578676982,0.012608814724681238,0.009584399022669632
0.03155668077926568,0.9671346380291492,5.2848e-06,0.050076195923141276,0.0023447315220819494,0.9986804380679594,0.999371452399705,0.999890585472611,3.9086694081320275,0.012517344486289545,0.00944210189362454
0.03220919386867979,0.9695978756652368,5.2848e-06,0.050076195923141276,0.0023447315220819494,0.9987048486180948,0.9994020225224551,0.999923126955944,3.6831912237478264,0.012422204658293225,0.009299653008190618
0.03287508030864383,0.9719880748295351,5.2848e-06,0.050076195923141276,0.0023447315220819494,0.9987295658024887,0.9994327457486247,0.99995577193501,3.489014373659984,0.012323488201280226,0.00915800545347243
0.033554616577135626,0.9742893035030286,5.2848e-06,0.050076195923141276,0.0023447315220819494,0.9987545847089937,0.9994636194149121,0.9999885191168457,3.25311430118154,0.012221268364129088,0.009016112977988138
0.03424808481958135,0.9764508615535219,5.2848e-06,0.050076195923141276,0.0023447315220819494,0.9987799003005615,0.999494631186918,1.0000213819477928,2.945805687399343,0.012116001540578548,0.008873059854399111
0.03495577296600305,0.9784119185843856,5.2848e-06,0.050076195923141276,0.0023447315220819494,0.9988055086453028,0.9995257715152701,1.0000543576348366,2.597602165617218,0.012008326478081068,0.008730518343141081
0.035677974850568096,0.9801600598763875,5.2848e-06,0.050076195923141276,0.0023447315220819494,0.9988314065444404,0.9995570389056841,1.0000874533199722,2.2991251503508465,0.011898415300301106,0.008590090418352877
0.03641499033358998,0.981763206917657,5.2848e-06,0.050076195923141276,0.0023447315220819494,0.9988575900229748,0.9995884348617167,1.000120688635062,2.0954146052592932,0.011786533053949824,0.008449601694045149
0.037167125426031136,0.9832780107209267,5.2848e-06,0.050076195923141276,0.0023447315220819494,0.9988840563693503,0.9996199414000344,1.0001540700906915,1.9401150645774123,0.011672752907148434,0.008308810148450635
0.037934692416559584,0.9847092999047085,5.2848e-06,0.050076195923141276,0.0023447315220819494,0.9989108011634981,0.9996515582741948,1.0001876028456962,1.7849602561582287,0.011556327606022297,0.008170613136514624
0.038718010001212166,0.9860437400896609,5.2848e-06,0.050076195923141276,0.0023447315220819494,0.998937817486177,0.9996832886473916,1.0002213001038291,1.6146971311037532,0.011437437898053593,0.00803302938772614
0.03951740341571798,0.9872620119236887,5.2848e-06,0.050076195923141276,0.0023447315220819494,0.9989651009357292,0.9997151165514625,1.0002551838914202,1.4422334471025806,0.011316595856814587,0.007897007742153926
0.04033320457053721,0.9883705171303145,5.2848e-06,0.050076195923141276,0.0023447315220819494,0.9989926460403481,0.9997470533613837,1.0002892687909473,1.2983603529318088,0.011193672582334672,0.0077630279529158725
0.04116575218867134,0.989400117764663,5.2848e-06,0.050076195923141276,0.0023447315220819494,0.9990204469465014,0.9997790857818645,1.0003235686097216,1.1891342814732297,0.01106853766645473,0.00762965654980497
0.04201539194630191,0.990369221572581,5.2848e-06,0.050076195923141276,0.0023447315220819494,0.9990484965991252,0.999811214254496,1.0003581051001795,1.0911411766821857,0.010941056220937674,0.007499108786423993
0.04288247661631625,0.9912715629567854,5.2848e-06,0.050076195923141276,0.0023447315220819494,0.9990767874848726,0.999843443699027,1.0003929002011809,1.0057309371278507,0.010811917810934421,0.007371165218089882
0.04376736621477983,0.9921299796624425,5.2848e-06,0.050076195923141276,0.0023447315220819494,0.9991053151900471,0.9998757730455068,1.0004279760830637,0.9628382779690128,0.01068109396503213,0.00724438919065478
0.044670428150415956,0.9929928051077396,5.2848e-06,0.050076195923141276,0.0023447315220819494,0.9991340709904317,0.9999081949164343,1.0004633686280535,0.9392139299990276,0.010548422518368046,0.007120863490557903
0.04559203737715496,0.9938431279916552,5.2848e-06,0.050076195923141276,0.0023447315220819494,0.999163048817545,0.9999407277188245,1.0004991004700772,0.8852909206896129,0.010414185580379268,0.006999908968952491
0.04653257654981615,0.9946399192365032,5.2848e-06,0.050076195923141276,0.0023447315220819494,0.9991922403901342,0.999973357397763,1.0005351965184053,0.8059818812857884,0.010278637844506038,0.00688140179220451
0.047492436182987166,0.9953732073238958,5.2848e-06,0.050076195923141276,0.0023447315220819494,0.9992216402437084,1.000006103283203,1.0005716940845741,0.7202285352574904,0.010141939493507005,0.006767033789278895
0.048472014813166764,0.9960350158798847,5.2848e-06,0.050076195923141276,0.0023447315220819494,0.9992512399862113,1.0000389671162844,1.0006086307051678,0.6269197567112883,0.010004054291335307,0.006653950169094558
0.0494717191642384,0.9966120791330039,5.2848e-06,0.050076195923141276,0.0023447315220819494,0.9992810331600127,1.0000719418312134,1.0006460483790276,0.5244370971077501,0.009865347584396599,0.006544478369889236
0.05049196431634309,0.9970921610730492,5.2848e-06,0.050076195923141276,0.0023447315220819494,0.9993110125924262,1.0001050535089948,1.0006839774774337,0.4131041747152153,0.009725165439436544,0.006440065616485931
0.05153317387822189,0.9974612410670545,5.2848e-06,0.050076195923141276,0.0023447315220819494,0.9993411668661465,1.0001383102592134,1.000722469895203,0.29967529588122943,0.009583803852883948,0.006338528235258209
0.052595780163099556,0.9977202536606283,5.2848e-06,0.050076195923141276,0.0023447315220819494,0.9993714897786943,1.0001717179592695,1.0007615785911645,0.20405122740135084,0.009441927055559792,0.0062393966907283915
0.053680224368182164,0.9978975975648774,5.2848e-06,0.050076195923141276,0.0023447315220819494,0.9994019729862884,1.000205280748042,1.000801351641474,0.13901144161468437,0.009299883714027221,0.006144243852900653
0.054786956757843425,0.9980237479011211,5.2848e-06,0.050076195923141276,0.0023447315220819494,0.9994326118930017,1.0002390230161455,1.000841840231124,0.09731597934501224,0.00915862176240456,0.006054132906315499
0.05591643685057589,0.9981144506381379,5.2848e-06,0.050076195923141276,0.0023447315220819494,0.9994634037719805,1.0002729621039799,1.0008831107977438,0.06786624810558806,0.009017103824819184,0.0059676926879757225
0.05706913360978426,0.9981780471795334,5.2848e-06,0.050076195923141276,0.0023447315220819494,0.9994943363295444,1.0003071095365665,1.0009252306947514,0.04592549493639808,0.00887442063601065,0.005884687080960527
0.05824552563850032,0.998220972494581,5.2848e-06,0.050076195923141276,0.0023447315220819494,0.9995253999792472,1.0003414820266734,1.0009682681080274,0.02990382146936099,0.008732217377701988,0.005806275307076476
0.059446101378100455,0.9982488058195684,5.2848e-06,0.050076195923141276,0.0023447315220819494,0.9995565930873954,1.0003761067831038,1.0010123003681022,0.019139665465274902,0.008592088584712481,0.005732113423605877
0.0606713593111078,0.9982672004754153,5.2848e-06,0.050076195923141276,0.0023447315220819494,0.9995879170410504,1.0004109985883876,1.0010574128388698,0.012861146370937604,0.008451918399948166,0.005662282716576711
0.06192180816816365,0.9982805367239995,5.2848e-06,0.050076195923141276,0.0023447315220819494,0.9996193541719446,1.0004461888774685,1.0011036962832471,0.009802547131755546,0.008311433938682783,0.005598562040164833
0.06319796713925388,0.9982919228555152,5.2848e-06,0.050076195923141276,0.0023447315220819494,0.9996509038271223,1.0004817174760263,1.0011512502096298,0.008929219347464823,0.008173467363046154,0.005538409531978292
0.06450036608927814,0.9983035616060236,5.2848e-06,0.050076195923141276,0.0023447315220819494,0.9996825690481422,1.00051758634403,1.0012001863726712,0.009330827661074181,0.008036147839745168,0.005482519039177612
0.06582954577805138,0.9983164990059132,5.2848e-06,0.050076195923141276,0.0023447315220819494,0.9997143342897256,1.0005538487665395,1.0012508434610194,0.010178630200755379,0.007900346511801236,0.005431847722038625
0.06718605808482869,0.9983309228621033,5.2848e-06,0.050076195923141276,0.0023447315220819494,0.999746210110196,1.0005905207358268,1.0012983951651722,0.011004398531042625,0.007766560021430507,0.00538674035438295
0.06857046623744745,0.9983466821184721,5.2848e-06,0.050076195923141276,0.0023447315220819494,0.9997781839065641,1.0006276661013327,1.0013429978266606,0.011663393236062802,0.007633409688509895,0.005346924797635984
0.06998334504618092,0.9983635648276873,5.2848e-06,0.050076195923141276,0.0023447315220819494,0.9998102556057044,1.0006652994386462,1.0013975933212675,0.012151110032107226,0.007502996242509395,0.005311019876270897
0.07142528114240118,0.998381383145666,5.2848e-06,0.050076195923141276,0.0023447315220819494,0.9998424299463177,1.000703471124507,1.001469802786444,0.012498595367389953,0.007375182645004925,0.005281391517388743
0.07289687322215023,0.9983999883090794,5.2848e-06,0.050076195923141276,0.0023447315220819494,0.9998747059904178,1.000742232822102,1.0015602563328432,0.012738411328996335,0.007248570100941196,0.005257912107242639
0.0743987322947203,0.998419266031817,5.2848e-06,0.050076195923141276,0.0023447315220819494,0.9999070765192651,1.0007816386859674,1.0016689088829447,0.012896715431224948,0.007125115480104487,0.005239521014235798
0.07593148193634669,0.9984391285895878,5.2848e-06,0.050076195923141276,0.0023447315220819494,0.9999395589013893,1.0008217297112723,1.0017956073313563,0.012993349194402981,0.00700424746683426,0.0052264052961196366
0.07749575854911839,0.998459508977863,5.2848e-06,0.050076195923141276,0.0023447315220819494,0.9999721403138201,1.000862568676236,1.00194010467666,0.013043496320733539,0.006885815309716753,0.005220039829504438
0.07909221162521406,0.9984803565218923,5.2848e-06,0.050076195923141276,0.0023447315220819494,1.0000048386152534,1.0009042249200393,1.0021020500374858,0.013058789775129753,0.006771439367724723,0.005220123681730543
0.08072150401657316,0.9985016333181478,5.2848e-06,0.050076195923141276,0.0023447315220819494,1.0000376562655926,1.000946763151986,1.002280977906375,0.013047675818654625,0.006658457135717048,0.005226373812363251
0.08238431221011393,0.9985233100217326,5.2848e-06,0.050076195923141276,0.0023447315220819494,1.0000705864711021,1.0009902552985366,1.0024762970398604,0.01301582389834266,0.00654896788624209,0.005239440930991201
0.08408132660861259,0.9985453627688774,5.2848e-06,0.050076195923141276,0.0023447315220819494,1.0001036537820152,1.0010347840543568,1.0026872789006378,0.01296833027976163,0.006444465886174987,0.0052597857207189605
0.08581325181736081,0.9985677757599198,5.2848e-06,0.050076195923141276,0.0023447315220819494,1.0001368670916337,1.0010804370505202,1.0029130456362219,0.012909117683420845,0.006342926721168672,0.005287538656430515
0.08758080693671977,0.9985905356708589,5.2848e-06,0.050076195923141276,0.0023447315220819494,1.0001702322582613,1.0011273080167198,1.0031525576301312,0.012840107221336439,0.006243798427127857,0.005323164922601603
0.0893847258606926,0.9986136311961109,5.2848e-06,0.050076195923141276,0.0023447315220819494,1.000203753443424,1.0011755022116988,1.0034046007086275,0.012763231393307706,0.006148563089625615,0.005367445518499308
0.09122575758163945,0.9986370540391696,5.2848e-06,0.050076195923141276,0.0023447315220819494,1.0002374539907952,1.0012251377010128,1.003667773140107,0.012680203495790465,0.006058309868385767,0.005444417575235529
0.09310466650126126,0.9986607975501409,5.2848e-06,0.050076195923141276,0.0023447315220819494,1.0002713515414394,1.0012767873236306,1.0039404726368197,0.012592308108423822,0.005971785040841076,0.005001589240024282
0.09502223274798141,0.9986848569441584,5.2848e-06,0.050076195923141276,0.0023447315220819494,1.0003054578142205,1.0013198806768584,1.0042208836653925,0.012500478588520991,0.005888692940044145,0.004617089042827234
0.09697925250085757,0.9987092280337133,5.2848e-06,0.050076195923141276,0.0023447315220819494,1.0003397891801638,1.0013662837853323,1.0045069655109362,0.01240505781638035,0.005810125199674682,0.005521686684672427
0.09897653832015729,0.9987339064193888,5.2848e-06,0.050076195923141276,0.0023447315220819494,1.0003743722420397,1.001429378325796,1.0047964417398243,0.01230607909147352,0.005735817735522583,0.00713795621286513
0.10101491948473551,0.9987588871287975,5.2848e-06,0.050076195923141276,0.0023447315220819494,1.000409222379235,1.0015106656784425,1.005086791997391,0.0122036222551003,0.00566582658316525,0.008763401950212047
0.10309524233635348,0.998784165158828,5.2848e-06,0.050076195923141276,0.0023447315220819494,1.0004443700389927,1.0016101906752466,1.0053752475179214,0.012098217936426181,0.005601840546108557,0.010317621763657957
0.10521837063108237,0.9988097368305172,5.2848e-06,0.050076195923141276,0.0023447315220819494,1.0004798545410032,1.001727846869348,1.0056587923973124,0.011990518809426476,0.005541554796107447,0.011791559357332173
0.1073851858979373,0.9988355990571488,5.2848e-06,0.050076195923141276,0.0023447315220819494,1.0005156798590624,1.0018634376081967,1.005934173735399,0.011880595723454235,0.005485479267818474,0.013179487413082627
0.10959658780489068,0.998861747703941,5.2848e-06,0.050076195923141276,0.0023447315220819494,1.0005518962927962,1.0020166677336377,1.0061979254639917,0.011768749270657963,0.005434563620915174,0.014475441735067068
0.11185349453241702,0.9988881803381955,5.2848e-06,0.050076195923141276,0.0023447315220819494,1.0005885219559922,1.0021871330179026,1.0064464135092404,0.011655007066906364,0.005389186113807992,0.015673158157864665
0.11415684315472399,0.9989148921747841,5.2848e-06,0.050076195923141276,0.0023447315220819494,1.0006256178259432,1.0023743092723614,1.0066759148195563,0.011538481272708623,0.0053491083105193255,0.016766100612295047
0.11650759002882842,0.9989418759315238,5.2848e-06,0.050076195923141276,0.0023447315220819494,1.0006632013191108,1.002577541031441,1.0068827515342387,0.011419550288735536,0.005313012801623516,0.017747482756309378
0.11890671119163865,0.9989691277402442,5.2848e-06,0.050076195923141276,0.0023447315220819494,1.0007013205769848,1.0027960297671221,1.0070635179834104,0.011298745381196795,0.005283047077568441,0.018610288502939665
0.12135520276520775,0.9989966418547715,5.2848e-06,0.050076195923141276,0.0023447315220819494,1.0007400271847007,1.0030288216465273,1.0072154708328334,0.011175820467030917,0.005259235250828899,0.019347295727444074
0.12385408137032608,0.9990244124151534,5.2848e-06,0.050076195923141276,0.0023447315220819494,1.0007793750658474,1.0032747948914496,1.0073372220933294,0.011050666423301436,0.005240567006906668,0.019951106370981343
0.12640438454862557,0.9990524321797258,5.2848e-06,0.050076195923141276,0.0023447315220819494,1.0008194059293438,1.0035326468463792,1.0074300357969104,0.010923144890142567,0.005227154911677447,0.02041418613358059
0.12900717119336982,0.999080693607596,5.2848e-06,0.050076195923141276,0.0023447315220819494,1.0008601811552749,1.0038008809220003,1.0075004473484948,0.010794079125730605,0.005220398843342672,0.02072891774841956
0.1316635219891096,0.9991091927917897,5.2848e-06,0.050076195923141276,0.0023447315220819494,1.0009017696485225,1.0040777936656744,1.007566189604486,0.01066330016737993,0.005220106711425117,0.020887672859050153
0.006829913316031296,0.7351769170257128,5.2848e-06,0.050000807674344346,0.0023674891378674743,0.8934820694952145,0.9748608117118158,0.9961156330328432,17.86340104765577,8.624781956996632,3.1450062601561295
0.006983400459185259,0.7379010672233597,5.2848e-06,0.050000807674344346,0.0023674891378674743,0.8974588447721767,0.9771423336185003,0.9966865841497331,17.639911806179498,8.610273817776912,2.7964628947140264
0.007139787130428999,0.7406424287498269,5.2848e-06,0.050000807674344346,0.0023674891378674743,0.9014802422950492,0.9792006383305251,0.9971729705260177,17.41854556870203,8.488231614179991,2.4769367370798396
0.007299138261961204,0.74340009716665,5.2848e-06,0.050000807674344346,0.0023674891378674743,0.9054912156887596,0.9810461919528021,0.9975675900944464,17.184066448678095,8.274544267786236,2.1968256052080646
0.0074615200168330585,0.7461703643420985,5.2848e-06,0.050000807674344346,0.0023674891378674743,0.9094585094618519,0.9827227330641704,0.9978675669793895,16.924679951298003,8.006049922534665,1.983199290664837
0.007626999816419332,0.7489482012641385,5.2848e-06,0.050000807674344346,0.0023674891378674743,0.9133569883410633,0.9842908773421801,0.9980858930109265,16.642008260962484,7.686651588412189,1.8475243255226426
0.007795646368411927,0.7517299735530543,5.2848e-06,0.050000807674344346,0.0023674891378674743,0.9171543658778794,0.9858064356600501,0.9982347275101621,16.344779226714763,7.324189218246901,1.7678704812127444
0.007967529695347513,0.7545131071994977,5.2848e-06,0.050000807674344346,0.0023674891378674743,0.9208319530159047,0.9872983088624895,0.9983247771704393,16.032522362310374,6.984286562391827,1.6951287433994178
0.008142721163681092,0.7572933927125076,5.2848e-06,0.050000807674344346,0.0023674891378674743,0.9244233805198541,0.9887437980225355,0.9983723329691713,15.697519742603617,6.7603539311687575,1.587344882684797
0.008321293513417552,0.7600651443142076,5.2848e-06,0.050000807674344346,0.0023674891378674743,0.9280066847890649,0.9901015932842281,0.9983948937463658,15.344138729241422,6.664044526537381,1.4445963146790628
0.008503320888313522,0.7628252458844336,5.2848e-06,0.050000807674344346,0.0023674891378674743,0.9316324457349583,0.9913443129140427,0.9984027826301441,14.992858828178214,6.616934491878175,1.2798242475382688
0.008688878866662086,0.7655750857671451,5.2848e-06,0.050000807674344346,0.0023674891378674743,0.9353028603082555,0.9924503539863301,0.9984027715490792,14.65970987150149,6.5562933870632545,1.1136405241095102
0.008878044492673109,0.7683174225017428,5.2848e-06,0.050000807674344346,0.0023674891378674743,0.9390019169312271,0.9934297138047243,0.998400071084173,14.345069702572346,6.448053083287053,0.9798626037175284
0.009070896308462195,0.7710540214917557,5.2848e-06,0.050000807674344346,0.0023674891378674743,0.942690983304116,0.9943223274502697,0.9983984157738544,14.04111467383791,6.244920442319767,0.8751934940030391
0.009267514386661629,0.7737848802607474,5.2848e-06,0.050000807674344346,0.0023674891378674743,0.9462961478747703,0.9951334303415819,0.9983993404405765,13.73770081095995,5.944102441757305,0.7619253072248419
0.009467980363666754,0.7765078664806182,5.2848e-06,0.050000807674344346,0.0023674891378674743,0.9497714725655625,0.9958343908516056,0.9984030163203576,13.436911286125678,5.6293315625700115,0.6382073818393293
0.009672377473531628,0.7792238275401828,5.2848e-06,0.050000807674344346,0.0023674891378674743,0.9531354133741615,0.9964264754529101,0.9984091396860161,13.171213273364401,5.336797458469014,0.5332138142072232
0.009880790582528064,0.7819441333565729,5.2848e-06,0.050000807674344346,0.0023674891378674743,0.9563820363180363,0.996936875867013,0.9984173551145354,12.986899165561226,5.0267649248724275,0.44722114058801576
0.010093306224382335,0.784689843476517,5.2848e-06,0.050000807674344346,0.0023674891378674743,0.95948484409199,0.9973689203008786,0.9984273688042907,12.900973478108426,4.719691548327813,0.35982953143924873
0.010310012636204244,0.7874813543236295,5.2848e-06,0.050000807674344346,0.0023674891378674743,0.9624604828105935,0.997709018605516,0.9984389513898887,12.876697435783854,4.472195261154198,0.27225975536946573
0.010530999795123407,0.7903258493459138,5.2848e-06,0.050000807674344346,0.0023674891378674743,0.965352424198456,0.9979625795169867,0.998451921559742,12.846120774466726,4.250594798713858,0.19751637746241343
0.010756359455648035,0.7932149529862735,5.2848e-06,0.050000807674344346,0.0023674891378674743,0.9681429791029365,0.9981462306876548,0.9984661322843833,12.772053060383314,3.985844857187485,0.13579720945951543
0.010986185187761666,0.7961390691089584,5.2848e-06,0.050000807674344346,0.0023674891378674743,0.9707854865328677,0.998268738977636,0.9984814621025161,12.670084095939046,3.6875720518313546,0.0847575600123534
0.011220572415773691,0.7990960809502119,5.2848e-06,0.050000807674344346,0.0023674891378674743,0.9732682168611484,0.9983408867946572,0.9984978098429045,12.560804076021213,3.373106812110595,0.046975898903888855
0.011459618457939804,0.8020852529520976,5.2848e-06,0.050000807674344346,0.0023674891378674743,0.975565580234969,0.9983786999989495,0.9985150907559477,12.439232927573585,3.0398091900918844,0.02338753602537493
0.01170342256686882,0.8051017383424486,5.2848e-06,0.050000807674344346,0.0023674891378674743,0.9776614476634342,0.9983966556710929,0.9985332324803909,12.295285078381767,2.7159405413801667,0.009968901632511561
0.011952085970732662,0.8081395227481559,5.2848e-06,0.050000807674344346,0.0023674891378674743,0.9795689731457561,0.998402846561477,0.9985521714440442,12.14423231202295,2.420356237849468,0.0023324169443191692
0.012205711915296572,0.8112009329442375,5.2848e-06,0.050000807674344346,0.0023674891378674743,0.9813006233312505,0.9984023327784382,0.9985718537344577,12.012893223832862,2.162839450574401,-0.0011894952941167813
0.012464405706787056,0.8142933745798273,5.2848e-06,0.050000807674344346,0.0023674891378674743,0.9828872068044513,0.9983997870672073,0.9985922318385163,11.898396767174063,1.967519789106959,-0.0015189062292386313
0.012728274755615342,0.8174180110266165,5.2848e-06,0.050000807674344346,0.0023674891378674743,0.984381289731544,0.9983984374256015,0.9986132626084644,11.772337019285487,1.8423424242531443,-0.0001133440471033487
0.012997428620974489,0.8205675603583092,5.2848e-06,0.050000807674344346,0.0023674891378674743,0.9858311513392003,0.998399578869777,0.9986349079066335,11.603458775706713,1.7668432655782476,0.0017695606436951353
0.013271979056328674,0.8237257908473711,5.2848e-06,0.050000807674344346,0.0023674891378674743,0.987261449889527,0.9984033333699587,0.9986571337089544,11.369736585380679,1.697388612472673,0.0035221642472678264
0.01355204005581357,0.8268718597119027,5.2848e-06,0.050000807674344346,0.0023674891378674743,0.9886524936463246,0.9984094163586195,0.998679909932612,11.087506561844975,1.5958381660333687,0.004988281818023845
0.013837727901567023,0.8299968752640212,5.2848e-06,0.050000807674344346,0.0023674891378674743,0.989966201607882,0.9984175008384535,0.9987032092665125,10.82742792634167,1.4606713307551964,0.006186884038128624
0.014129161212009746,0.8331193075059999,5.2848e-06,0.050000807674344346,0.0023674891378674743,0.9911770656902988,0.9984273156096554,0.9987270061142131,10.655143680686251,1.3041187374066447,0.007170924637804463
0.014426460991096023,0.8362692127740354,5.2848e-06,0.050000807674344346,0.0023674891378674743,0.9922647227290845,0.9984386477839975,0.9987512760396177,10.549062550419876,1.1422262363513185,0.007985814618479048
0.01472975067855491,0.8394544069153758,5.2848e-06,0.050000807674344346,0.0023674891378674743,0.9932309461824737,0.9984513282373194,0.9987759957564047,10.45939582894971,1.0049745228066345,0.008665013505689722
0.01503915620114276,0.8426771062565357,5.2848e-06,0.050000807674344346,0.0023674891378674743,0.9941090742928231,0.998465219232849,0.9988011440970922,10.396914798749094,0.8993282881174186,0.009233165773648301
0.01535480602492837,0.8459528161396433,5.2848e-06,0.050000807674344346,0.0023674891378674743,0.9949145651901866,0.998480206505732,0.9988267038324503,10.361863225520665,0.7945623316037967,0.009709256476778769
0.01567683120863249,0.8492844038761429,5.2848e-06,0.050000807674344346,0.0023674891378674743,0.9956256292127226,0.9984961944815922,0.9988526576396799,10.290388058956523,0.6766928097930767,0.01010845821946317
0.01600536545804375,0.8526465973448851,5.2848e-06,0.050000807674344346,0.0023674891378674743,0.9962319276767806,0.998513102789183,0.9988789908532587,10.135258899784958,0.5674252747695736,0.01044281716659609
0.016340545181533713,0.8560099922551524,5.2848e-06,0.050000807674344346,0.0023674891378674743,0.9967529079229823,0.9985308626860263,0.9989056875738338,9.912311593988306,0.4780288658908734,0.010721537778620413
0.01668250954669403,0.8593569843666182,5.2848e-06,0.050000807674344346,0.0023674891378674743,0.9972006828544687,0.9985494137026183,0.9989327310008982,9.667176571403388,0.39433781217319575,0.010952315172822795
0.017031400538119204,0.8626869285700198,5.2848e-06,0.050000807674344346,0.0023674891378674743,0.9975676632797373,0.9985687039457201,0.9989601081403006,9.452171291632794,0.3089633805725013,0.011141898738184088
0.017387363016359025,0.8660180629396343,5.2848e-06,0.050000807674344346,0.0023674891378674743,0.9978515972044965,0.9985886880322652,0.9989878053287117,9.30357342837965,0.2304437441661458,0.01129532361078064
0.017750544778065078,0.8693767444649889,5.2848e-06,0.050000807674344346,0.0023674891378674743,0.998062815507183,0.9986093246211226,0.999015809408176,9.21315124586522,0.16430999838904953,0.011416738687795091
0.01812109661735635,0.872777543651353,5.2848e-06,0.050000807674344346,0.0023674891378674743,0.9982115581747857,0.9986305768178884,0.9990441067730277,9.120603998295564,0.10912412928695867,0.011510041052161258
0.018499172388429377,0.8762038131377641,5.2848e-06,0.050000807674344346,0.0023674891378674743,0.9983064574737339,0.9986524117192203,0.9990726849208429,8.976883988385225,0.06534389093806507,0.011578664158405172
0.018884929069438953,0.8796330521142827,5.2848e-06,0.050000807674344346,0.0023674891378674743,0.9983602532349316,0.998674800036667,0.9991015339882229,8.80632110726674,0.035091760215275915,0.011625529100045558
0.019278526827675932,0.8830657386476974,5.2848e-06,0.050000807674344346,0.0023674891378674743,0.9983878737109871,0.9986977152724388,0.9991306410066705,8.664956137537274,0.01685563574864809,0.011652904751806786
0.019680129086069108,0.8865225140992801,5.2848e-06,0.050000807674344346,0.0023674891378674743,0.998400095110765,0.9987211326630064,0.9991599959961354,8.593659942288923,0.00629883629399746,0.011662514913956897
0.020089902591038926,0.8900381982185996,5.2848e-06,0.050000807674344346,0.0023674891378674743,0.9984029838340848,0.9987450285720139,0.9991895878607294,8.596210364133867,0.0005163547776099223,0.011655883492582689
0.02050801748173109,0.8936394971892252,5.2848e-06,0.050000807674344346,0.0023674891378674743,0.9984012794847678,0.9987693806776345,0.9992194079256309,8.626088033681071,-0.0015689919780974978,0.011634744395347466
0.020934647360658774,0.8973252630227798,5.2848e-06,0.050000807674344346,0.0023674891378674743,0.9983990081354182,0.998794169033566,0.9992494456331419,8.61401031871901,-0.0010917736083644884,0.011600942810770638
0.02136996936578294,0.9010639162196046,5.2848e-06,0.050000807674344346,0.0023674891378674743,0.9983985073402344,0.9988193758814762,0.9992796925762745,8.509434047969535,0.0005515069920595146,0.011555835212149477
